{
  "precision": 0.18246445497630331,
  "recall": 0.4935897435897436,
  "f0.5": 0.20878524945770066,
  "auc_pr": 0.21773696849895058,
  "alert_rate": 0.021235909822866345,
  "recall_per_tipo": {
    "drop": 0.6451612903225806,
    "shift": 0.423728813559322,
    "spike": 0.6206896551724138,
    "zero_plateau": 0.4925373134328358
  },
  "n_anomalie_gt": 312,
  "n_alert_predetti": 844
}